{
  "val": {
    "loss": 0.7084160624515443,
    "precision": 0.25609405208388764,
    "recall": 0.4217838080507293,
    "f1": 0.3186895897474921,
    "iou": 0.1895483687772968,
    "accuracy": 0.9603602243754503,
    "tp": 50733.0,
    "fp": 147370.0,
    "tn": 5204604.0,
    "fn": 69549.0
  },
  "test": {
    "loss": 0.8285484075546264,
    "precision": 0.015839719166054027,
    "recall": 0.4295514511828015,
    "f1": 0.030552796190986345,
    "iou": 0.015513390304696893,
    "accuracy": 0.7952674766638981,
    "tp": 4070.0,
    "fp": 252879.0,
    "tn": 999214.0,
    "fn": 5405.0
  }
}