{
  "val": {
    "loss": 0.7084160624515443,
    "precision": 0.25609405208388764,
    "recall": 0.4217838080507293,
    "f1": 0.3186895897474921,
    "iou": 0.1895483687772968,
    "accuracy": 0.9603602243754503,
    "tp": 50733.0,
    "fp": 147370.0,
    "tn": 5204604.0,
    "fn": 69549.0
  },
  "test": {
    "loss": 0.8264919817447662,
    "precision": 0.01593316160026531,
    "recall": 0.41583113456025506,
    "f1": 0.030690370601595404,
    "iou": 0.015584333393976859,
    "accuracy": 0.8027232776988,
    "tp": 3940.0,
    "fp": 243343.0,
    "tn": 1008750.0,
    "fn": 5535.0
  }
}