{
  "total_time_min": 110.0,
  "total_epochs": 8,
  "best_f1": 0.31387876049024976,
  "best_threshold": 0.7000000000000002,
  "device": "cpu",
  "train_losses": [
    0.82,
    0.72,
    0.7,
    0.69,
    0.68,
    0.68,
    0.67,
    0.67
  ],
  "val_losses": [
    1.2,
    0.85,
    0.78,
    0.74,
    0.72,
    0.72,
    0.71,
    0.7
  ],
  "val_f1s": [
    0.035,
    0.12,
    0.15,
    0.18,
    0.22,
    0.22,
    0.28,
    0.31
  ]
}